dimension,segment_value,variant_id,n,application_intent_pct,preference_pct,credibility,differentiation,culture_fit,reward_fairness
segment,Early Career,A,262,66.4,40.8,6.13,5.26,5.86,7.81
segment,Early Career,B,262,77.9,56.1,7.27,7.74,7.6,7.2
segment,Early Career,C,262,63.0,47.7,7.22,6.21,7.7,6.44
segment,Early Career,D,262,77.9,57.6,7.58,7.01,8.11,7.04
segment,Senior Specialists,A,271,63.8,41.3,5.94,5.1,5.84,7.48
segment,Senior Specialists,B,271,70.5,51.3,6.6,7.27,7.15,6.65
segment,Senior Specialists,C,271,62.0,48.7,7.42,6.31,7.87,6.62
segment,Senior Specialists,D,271,75.6,52.8,7.54,7.23,8.12,7.16
segment,People Managers,A,227,65.6,48.5,5.98,5.27,5.77,7.67
segment,People Managers,B,227,76.2,53.3,7.07,7.43,7.35,6.87
segment,People Managers,C,227,63.4,46.3,7.17,6.04,7.66,6.14
segment,People Managers,D,227,80.2,57.7,7.72,7.37,8.27,7.32
segment,Remote-First Talent,A,253,70.4,41.5,6.05,5.18,5.69,7.63
segment,Remote-First Talent,B,253,75.5,54.2,7.1,7.66,7.48,6.94
segment,Remote-First Talent,C,253,67.2,46.2,7.29,6.38,7.81,6.35
segment,Remote-First Talent,D,253,83.0,54.9,7.63,7.47,8.19,7.26
segment,Security Seekers,A,287,65.5,47.0,6.11,5.19,5.7,7.51
segment,Security Seekers,B,287,70.7,47.7,6.72,7.27,7.19,6.69
segment,Security Seekers,C,287,65.2,45.6,7.24,6.18,7.81,6.47
segment,Security Seekers,D,287,77.4,60.3,7.36,7.16,7.96,7.07
