project_id,title,study_type,domain,population,n,primary_metric,primary_value,winner_stability,overall,folder
PRJ-DEMO-NOVA-SPARK,NOVA Spark DEMO,Uvedení nového produktu,FMCG / nápoje,"ČR 18–64, bez předčasného zúžení cílové populace",1200,Purchase intent,39,7/8,72,01_NOVA_SPARK_DEMO
PRJ-DEMO-AURORA-REBRAND,Aurora Bank Rebrand DEMO,Rebranding a brand equity,Bankovnictví / fintech,"ČR 18–69, klienti i neklienti digitálních bankovních služeb",1100,Brand preference,46,8/8,78,02_AURORA_BANK_REBRAND_DEMO
PRJ-DEMO-VOLBA-MESTA,Volba města DEMO,Předvolební veřejné mínění a image kandidátů,Politika / veřejné mínění,"Fiktivní město, oprávnění voliči 18+, reprezentativní DEMO vzorek",1500,Volební preference,31,6/8,69,03_VOLBA_MESTA_DEMO
PRJ-DEMO-MESTO-2035,Město 2035 DEMO,Policy acceptance a trade-off research,Veřejná politika / městská správa,"Obyvatelé fiktivního města 18+, včetně řidičů, MHD uživatelů a cyklistů",1300,Policy support,58,8/8,76,04_MESTO_2035_POLICY_DEMO
PRJ-DEMO-MEDORA-PX,Medora Patient Experience DEMO,Patient experience / service redesign,Zdravotní služby,Dospělí pacienti fiktivní ambulantní sítě po návštěvě v posledních 12 měsících,900,Experience preference,61,8/8,82,05_MEDORA_PATIENT_EXPERIENCE_DEMO
PRJ-DEMO-NEXORA-EMPLOYEE,Nexora Employee Climate DEMO,"Employee climate, leadership a týmová sociomapa",HR / organizace,"Fiktivní technologická firma, zaměstnanci napříč funkcemi a senioritou",640,Collaboration index,64,8/8,74,06_NEXORA_EMPLOYEE_CLIMATE_DEMO
PRJ-DEMO-RAILMOVE,RailMove Service Concept DEMO,Service concept a pricing research,Doprava / mobilita,"ČR 16+, pravidelní i příležitostní cestující vlakem",1250,Concept preference,44,8/8,79,07_RAILMOVE_SERVICE_CONCEPT_DEMO
PRJ-DEMO-EDUNOVA,EduNova Learning Platform DEMO,Concept + UX research,Vzdělávání / edtech,"Studenti 15–24, rodiče a dospělí learners jako oddělené analytické skupiny",980,Concept preference,48,8/8,81,08_EDUNOVA_PLATFORM_UX_DEMO
PRJ-DEMO-STREAMIO,Streamio Brand & Content DEMO,Brand positioning + content portfolio,Média / streaming,"ČR 15–69, uživatelé alespoň jedné placené nebo bezplatné streaming služby",1400,Brand preference,42,7/8,77,09_STREAMIO_BRAND_CONTENT_DEMO
PRJ-DEMO-GREENHOME,GreenHome Tariff DEMO,Tariff proposition + trust research,Energetika / utility,České domácnosti odpovědné za rozhodování o energiích,1200,Tariff preference,45,8/8,80,10_GREENHOME_TARIFF_DEMO
