project_id,collection,collection_label,title,study_type,domain,sample,artifact_count,world_count,analysis_module_count,has_report,has_workbook,has_respondents,has_database,has_project_export,has_sociomap,takeaway
PRJ-DEMO-COMPLETE-01-NOVA-SPARK-DEMO,complete,Complete Decision Demos,NOVA Spark — DEMO,Uvedení produktu,FMCG / nápoje,1200,20,8,0,True,True,True,True,True,False,Familiar je nejlepší core varianta; Value je taktická alternativa při dlouhé cenové/promo válce.
PRJ-DEMO-COMPLETE-02-VOLTIO-FLEX-DEMO,complete,Complete Decision Demos,Voltio Flex — DEMO,Nová služba + pricing,Energetika,1500,20,8,0,True,True,True,True,True,False,SafeFlex je nejrobustnější core pilot; Dynamic dává smysl jako opt-in pro digitálně sebejisté domácnosti.
PRJ-DEMO-COMPLETE-03-AURORA-BANK-DEMO,complete,Complete Decision Demos,Aurora Bank — DEMO,Rebranding značky,Bankovnictví,1400,20,8,0,True,True,True,True,True,False,Human Finance je nejlepší rebrand směr; při silném reputačním šoku se vyplatí konzervativnější Heritage Blue.
PRJ-DEMO-COMPLETE-04-MESTO-2035-DEMO,complete,Complete Decision Demos,Město 2035 — DEMO,Veřejná politika,Městská mobilita,1800,20,8,0,True,True,True,True,True,False,Balanced Mobility má nejvyšší agregovanou podporu; při silném životním nákladovém tlaku se veřejnost posouvá k Transit First.
PRJ-DEMO-COMPLETE-05-VOLBA-2027-DEMO,complete,Complete Decision Demos,Volba 2027 — DEMO,Politický výzkum – formát veřejné debaty,Politická komunikace / média,1600,20,8,0,True,True,True,True,True,False,Fact-Checked Forum je nejlepší agregovaný formát; při velmi nízké důvěře v média může méně intervenční Longform Hybrid působit důvěryhodněji.
PRJ-DEMO-COMPLETE-06-WORKNEST-DEMO,complete,Complete Decision Demos,WorkNest — DEMO,Employer brand / EVP,Technologie / HR,1300,20,8,0,True,True,True,True,True,False,Flexible Mastery je nejlepší dlouhodobé EVP; v krátkodobé mzdové válce může Salary First získat větší application intent.
PRJ-DEMO-COMPLETE-07-METROMARKET-LOCAL-DEMO,complete,Complete Decision Demos,MetroMarket Local — DEMO,Retail koncept + private label,Retail / potraviny,1500,20,8,0,True,True,True,True,True,False,Neighborhood Smart je nejlepší pilot; při silné potravinové inflaci se zákazníci posouvají k Value Max.
PRJ-DEMO-COMPLETE-08-CARELINK-DEMO,complete,Complete Decision Demos,CareLink — DEMO,Adopce digitální služby,Zdravotní služby / UX,1400,20,8,0,True,True,True,True,True,False,"Simple + Human Backup je nejrobustnější; pokud je lidská podpora kapacitně nedostupná, Booking + Navigation je praktičtější core."
PRJ-DEMO-COMPLETE-09-STREAMIO-ONE-DEMO,complete,Complete Decision Demos,Streamio One — DEMO,Pricing / subscription bundle,Média / streaming,1600,20,8,0,True,True,True,True,True,False,Flex je nejlepší core bundle; v silném rozpočtovém tlaku roste preference levnější Basic.
PRJ-DEMO-COMPLETE-10-AEROCITY-DEMO,complete,Complete Decision Demos,AeroCity — DEMO,Customer experience + rebranding,Letiště / travel,1500,20,8,0,True,True,True,True,True,False,Smart Journey je nejlepší core; při technologických výpadcích nebo nízké digitální důvěře je Calm Journey bezpečnější záloha.
PRJ-DEMO-NOVA-SPARK,showcase,Deep Showcase Demos,NOVA Spark DEMO,Uvedení nového produktu,FMCG / nápoje,1200,35,8,8,True,True,True,False,True,True,"Produkt má smysl uvést, ale ne jako další levný energy drink. Nejrobustnější je varianta Familiar: 49 Kč, mírnější chuť, český původ a jednoduchý benefit energie bez cukru."
PRJ-DEMO-AURORA-REBRAND,showcase,Deep Showcase Demos,Aurora Bank Rebrand DEMO,Rebranding a brand equity,Bankovnictví / fintech,1100,35,8,8,True,True,True,False,True,True,"Nejsilnější je evoluční rebranding „Clear & Human“: zachovává důvěru a bezpečnost, ale výrazně zvyšuje lidskost a modernost. Radikální „Neo Future“ přitahuje mladší segmenty, ale poškozuje důvěru u současných klientů."
PRJ-DEMO-VOLBA-MESTA,showcase,Deep Showcase Demos,Volba města DEMO,Předvolební veřejné mínění a image kandidátů,Politika / veřejné mínění,1500,35,8,8,True,True,True,False,True,True,"Kandidátka Jana Novotná vede v celkové přijatelnosti a důvěryhodnosti, ale volba zůstává otevřená: 29 % voličů je nerozhodnutých. Nejdůležitějšími tématy jsou bydlení, doprava a bezpečnost. Výstup je deskriptivní — neobsahuje cílené přesvědčovací instrukce."
PRJ-DEMO-MESTO-2035,showcase,Deep Showcase Demos,Město 2035 DEMO,Policy acceptance a trade-off research,Veřejná politika / městská správa,1300,35,8,8,True,True,True,False,True,True,"Samostatné restrikce mají nízkou podporu. Nejlépe funguje vyvážený balíček „Invest & Manage“: zlepšení MHD + rezidentní parkování + postupné řízení vjezdu do centra. Přijatelnost roste, když lidé vidí konkrétní protihodnotu."
PRJ-DEMO-MEDORA-PX,showcase,Deep Showcase Demos,Medora Patient Experience DEMO,Patient experience / service redesign,Zdravotní služby,900,35,8,8,True,True,True,False,True,True,"Největší problém není samotná péče, ale nejistota před návštěvou: objednání, čekání a nedostatek informací. Koncept „Guided Care“ s jasným časem, přednávštěvními instrukcemi a jednoduchým follow-upem má nejvyšší experience score."
PRJ-DEMO-NEXORA-EMPLOYEE,showcase,Deep Showcase Demos,Nexora Employee Climate DEMO,"Employee climate, leadership a týmová sociomapa",HR / organizace,640,35,8,8,True,True,True,False,True,True,"Hlavní problém není motivace, ale koordinace: Product a Sales jsou centrální uzly s přetíženými vazbami, zatímco Operations je izolovanější. Nejvyšší dopad má jasnější decision ownership a pravidelný cross-team operating rhythm."
PRJ-DEMO-RAILMOVE,showcase,Deep Showcase Demos,RailMove Service Concept DEMO,Service concept a pricing research,Doprava / mobilita,1250,35,8,8,True,True,True,False,True,True,"Nejlépe funguje FlexPass: měsíční balíček s kredity, automatickou nejlepší cenou a jednoduchou změnou rezervace. Čisté předplatné je srozumitelné pro dojíždějící, ale příliš úzké pro širší trh."
PRJ-DEMO-EDUNOVA,showcase,Deep Showcase Demos,EduNova Learning Platform DEMO,Concept + UX research,Vzdělávání / edtech,980,35,8,8,True,True,True,False,True,True,"Nejlépe funguje „Coach“ koncept: jasný studijní plán, krátké lekce a průběžná diagnostika. Samostatný AI chat je atraktivní, ale bez struktury působí méně důvěryhodně a hůře podporuje dokončování."
PRJ-DEMO-STREAMIO,showcase,Deep Showcase Demos,Streamio Brand & Content DEMO,Brand positioning + content portfolio,Média / streaming,1400,35,8,8,True,True,True,False,True,True,"Nejlépe funguje positioning „Local First, Easy Choice“: český a evropský obsah, jednoduchá orientace a méně zahlcení. Čistá „Premium Exclusives“ platforma je atraktivní, ale dražší a méně inkluzivní."
PRJ-DEMO-GREENHOME,showcase,Deep Showcase Demos,GreenHome Tariff DEMO,Tariff proposition + trust research,Energetika / utility,1200,35,8,8,True,True,True,False,True,True,"Nejlépe funguje „Secure Flex“: cenový strop + jednoduché doporučení, kdy spotřebovávat, bez povinné automatizace domácnosti. Čistě dynamický tarif budí obavy z nepředvídatelnosti."
