dimension,segment_value,variant_id,n,adoption_intent_pct,preference_pct,trust,ease,reassurance,privacy_comfort
segment,Digital Confident,A,279,62.7,38.0,7.41,8.27,5.65,7.62
segment,Digital Confident,B,279,79.9,54.5,7.31,7.94,7.26,7.47
segment,Digital Confident,C,279,63.8,47.0,6.15,6.21,7.29,5.63
segment,Digital Confident,D,279,77.1,63.1,8.13,8.06,8.41,7.73
segment,Busy Families,A,269,58.4,40.9,7.29,8.05,5.52,7.41
segment,Busy Families,B,269,74.3,56.1,7.24,7.88,6.98,7.29
segment,Busy Families,C,269,62.8,43.5,6.02,6.29,7.17,5.54
segment,Busy Families,D,269,81.4,55.4,7.94,7.98,8.49,7.58
segment,Chronic Admin Heavy,A,295,62.4,38.3,7.14,8.06,5.55,7.57
segment,Chronic Admin Heavy,B,295,70.2,47.1,6.81,7.66,6.54,6.87
segment,Chronic Admin Heavy,C,295,64.4,50.8,6.08,6.33,7.33,5.65
segment,Chronic Admin Heavy,D,295,80.0,57.3,7.77,7.71,8.06,7.29
segment,Privacy Sensitive,A,266,63.5,38.3,7.33,8.07,5.67,7.42
segment,Privacy Sensitive,B,266,76.3,49.2,6.7,7.55,6.64,6.82
segment,Privacy Sensitive,C,266,61.3,45.9,6.02,6.3,7.25,5.72
segment,Privacy Sensitive,D,266,77.4,57.5,8.01,8.09,8.43,7.55
segment,Low Digital Confidence,A,291,66.0,40.2,7.27,8.31,5.83,7.54
segment,Low Digital Confidence,B,291,72.9,39.5,6.89,7.59,6.64,6.82
segment,Low Digital Confidence,C,291,62.2,50.2,6.22,6.54,7.43,5.76
segment,Low Digital Confidence,D,291,78.0,59.5,7.94,8.01,8.11,7.48
