slug,title,type,industry,sample,winner,takeaway
01_NOVA_SPARK_DEMO,NOVA Spark — DEMO,Uvedení produktu,FMCG / nápoje,1200,D,Familiar je nejlepší core varianta; Value je taktická alternativa při dlouhé cenové/promo válce.
02_VOLTIO_FLEX_DEMO,Voltio Flex — DEMO,Nová služba + pricing,Energetika,1500,D,SafeFlex je nejrobustnější core pilot; Dynamic dává smysl jako opt-in pro digitálně sebejisté domácnosti.
03_AURORA_BANK_DEMO,Aurora Bank — DEMO,Rebranding značky,Bankovnictví,1400,C,Human Finance je nejlepší rebrand směr; při silném reputačním šoku se vyplatí konzervativnější Heritage Blue.
04_MESTO_2035_DEMO,Město 2035 — DEMO,Veřejná politika,Městská mobilita,1800,D,Balanced Mobility má nejvyšší agregovanou podporu; při silném životním nákladovém tlaku se veřejnost posouvá k Transit First.
05_VOLBA_2027_DEMO,Volba 2027 — DEMO,Politický výzkum – formát veřejné debaty,Politická komunikace / média,1600,B,Fact-Checked Forum je nejlepší agregovaný formát; při velmi nízké důvěře v média může méně intervenční Longform Hybrid působit důvěryhodněji.
06_WORKNEST_DEMO,WorkNest — DEMO,Employer brand / EVP,Technologie / HR,1300,D,Flexible Mastery je nejlepší dlouhodobé EVP; v krátkodobé mzdové válce může Salary First získat větší application intent.
07_METROMARKET_LOCAL_DEMO,MetroMarket Local — DEMO,Retail koncept + private label,Retail / potraviny,1500,D,Neighborhood Smart je nejlepší pilot; při silné potravinové inflaci se zákazníci posouvají k Value Max.
08_CARELINK_DEMO,CareLink — DEMO,Adopce digitální služby,Zdravotní služby / UX,1400,D,"Simple + Human Backup je nejrobustnější; pokud je lidská podpora kapacitně nedostupná, Booking + Navigation je praktičtější core."
09_STREAMIO_ONE_DEMO,Streamio One — DEMO,Pricing / subscription bundle,Média / streaming,1600,D,Flex je nejlepší core bundle; v silném rozpočtovém tlaku roste preference levnější Basic.
10_AEROCITY_DEMO,AeroCity — DEMO,Customer experience + rebranding,Letiště / travel,1500,D,Smart Journey je nejlepší core; při technologických výpadcích nebo nízké digitální důvěře je Calm Journey bezpečnější záloha.
