dimension,segment_value,variant_id,n,consideration_pct,switch_intent_pct,trust,savings,simplicity,control
segment,Budget Guarded,A,272,44.1,22.8,6.31,4.54,6.77,5.34
segment,Budget Guarded,B,272,62.9,44.5,5.15,6.99,4.82,6.63
segment,Budget Guarded,C,272,49.3,25.7,5.63,4.72,6.24,5.39
segment,Budget Guarded,D,272,64.7,48.9,6.34,5.89,6.0,6.59
segment,Digital Optimizers,A,311,47.6,28.9,6.51,4.53,6.53,5.44
segment,Digital Optimizers,B,311,58.8,47.3,4.98,6.74,4.51,6.16
segment,Digital Optimizers,C,311,45.7,23.2,5.9,4.92,6.15,5.54
segment,Digital Optimizers,D,311,65.9,50.5,6.32,6.12,6.01,6.56
segment,Stability Seekers,A,318,42.8,23.0,6.44,4.54,6.57,5.5
segment,Stability Seekers,B,318,57.5,46.2,4.72,6.67,4.52,6.23
segment,Stability Seekers,C,318,45.0,30.8,5.88,4.9,6.04,5.57
segment,Stability Seekers,D,318,62.9,52.8,6.39,6.35,6.33,6.77
segment,Green Progressives,A,302,41.4,26.5,6.59,4.64,6.96,5.66
segment,Green Progressives,B,302,58.6,41.4,4.71,6.64,4.52,6.06
segment,Green Progressives,C,302,50.7,24.5,5.77,4.84,6.03,5.49
segment,Green Progressives,D,302,64.6,52.3,6.58,6.23,6.3,6.68
segment,Prosumer Households,A,297,49.8,26.9,6.89,4.81,6.85,5.7
segment,Prosumer Households,B,297,59.3,48.1,4.75,6.54,4.48,6.19
segment,Prosumer Households,C,297,43.1,28.6,5.9,4.76,6.08,5.46
segment,Prosumer Households,D,297,64.3,55.9,6.62,6.33,6.28,6.84
